timestamp_nano,timestamp_iso,instrument_id,fear_greed,classification
1704067200000000000,2024-01-01T00:00:00.000000000Z,FNG-INDEX.BYBIT,65,Greed
1704153600000000000,2024-01-02T00:00:00.000000000Z,FNG-INDEX.BYBIT,71,Greed
1704240000000000000,2024-01-03T00:00:00.000000000Z,FNG-INDEX.BYBIT,70,Greed
1704326400000000000,2024-01-04T00:00:00.000000000Z,FNG-INDEX.BYBIT,68,Greed
1704412800000000000,2024-01-05T00:00:00.000000000Z,FNG-INDEX.BYBIT,72,Greed
1704499200000000000,2024-01-06T00:00:00.000000000Z,FNG-INDEX.BYBIT,70,Greed
1704585600000000000,2024-01-07T00:00:00.000000000Z,FNG-INDEX.BYBIT,71,Greed
1704672000000000000,2024-01-08T00:00:00.000000000Z,FNG-INDEX.BYBIT,71,Greed
1704758400000000000,2024-01-09T00:00:00.000000000Z,FNG-INDEX.BYBIT,76,Extreme Greed
1704844800000000000,2024-01-10T00:00:00.000000000Z,FNG-INDEX.BYBIT,73,Greed
1704931200000000000,2024-01-11T00:00:00.000000000Z,FNG-INDEX.BYBIT,76,Extreme Greed
1705017600000000000,2024-01-12T00:00:00.000000000Z,FNG-INDEX.BYBIT,71,Greed
1705104000000000000,2024-01-13T00:00:00.000000000Z,FNG-INDEX.BYBIT,64,Greed
1705190400000000000,2024-01-14T00:00:00.000000000Z,FNG-INDEX.BYBIT,60,Greed
1705276800000000000,2024-01-15T00:00:00.000000000Z,FNG-INDEX.BYBIT,52,Neutral
1705363200000000000,2024-01-16T00:00:00.000000000Z,FNG-INDEX.BYBIT,64,Greed
1705449600000000000,2024-01-17T00:00:00.000000000Z,FNG-INDEX.BYBIT,60,Greed
1705536000000000000,2024-01-18T00:00:00.000000000Z,FNG-INDEX.BYBIT,63,Greed
1705622400000000000,2024-01-19T00:00:00.000000000Z,FNG-INDEX.BYBIT,51,Neutral
1705708800000000000,2024-01-20T00:00:00.000000000Z,FNG-INDEX.BYBIT,52,Neutral
1705795200000000000,2024-01-21T00:00:00.000000000Z,FNG-INDEX.BYBIT,56,Greed
1705881600000000000,2024-01-22T00:00:00.000000000Z,FNG-INDEX.BYBIT,55,Greed
1705968000000000000,2024-01-23T00:00:00.000000000Z,FNG-INDEX.BYBIT,50,Neutral
1706054400000000000,2024-01-24T00:00:00.000000000Z,FNG-INDEX.BYBIT,48,Neutral
1706140800000000000,2024-01-25T00:00:00.000000000Z,FNG-INDEX.BYBIT,52,Neutral
1706227200000000000,2024-01-26T00:00:00.000000000Z,FNG-INDEX.BYBIT,49,Neutral
1706313600000000000,2024-01-27T00:00:00.000000000Z,FNG-INDEX.BYBIT,55,Greed
1706400000000000000,2024-01-28T00:00:00.000000000Z,FNG-INDEX.BYBIT,54,Neutral
1706486400000000000,2024-01-29T00:00:00.000000000Z,FNG-INDEX.BYBIT,55,Greed
1706572800000000000,2024-01-30T00:00:00.000000000Z,FNG-INDEX.BYBIT,61,Greed
1706659200000000000,2024-01-31T00:00:00.000000000Z,FNG-INDEX.BYBIT,60,Greed
1706745600000000000,2024-02-01T00:00:00.000000000Z,FNG-INDEX.BYBIT,63,Greed
1706832000000000000,2024-02-02T00:00:00.000000000Z,FNG-INDEX.BYBIT,63,Greed
1706918400000000000,2024-02-03T00:00:00.000000000Z,FNG-INDEX.BYBIT,60,Greed
1707004800000000000,2024-02-04T00:00:00.000000000Z,FNG-INDEX.BYBIT,60,Greed
1707091200000000000,2024-02-05T00:00:00.000000000Z,FNG-INDEX.BYBIT,60,Greed
1707177600000000000,2024-02-06T00:00:00.000000000Z,FNG-INDEX.BYBIT,64,Greed
1707264000000000000,2024-02-07T00:00:00.000000000Z,FNG-INDEX.BYBIT,62,Greed
1707350400000000000,2024-02-08T00:00:00.000000000Z,FNG-INDEX.BYBIT,66,Greed
1707436800000000000,2024-02-09T00:00:00.000000000Z,FNG-INDEX.BYBIT,72,Greed
1707523200000000000,2024-02-10T00:00:00.000000000Z,FNG-INDEX.BYBIT,74,Greed
1707609600000000000,2024-02-11T00:00:00.000000000Z,FNG-INDEX.BYBIT,71,Greed
1707696000000000000,2024-02-12T00:00:00.000000000Z,FNG-INDEX.BYBIT,70,Greed
1707782400000000000,2024-02-13T00:00:00.000000000Z,FNG-INDEX.BYBIT,79,Extreme Greed
1707868800000000000,2024-02-14T00:00:00.000000000Z,FNG-INDEX.BYBIT,74,Greed
1707955200000000000,2024-02-15T00:00:00.000000000Z,FNG-INDEX.BYBIT,72,Greed
1708041600000000000,2024-02-16T00:00:00.000000000Z,FNG-INDEX.BYBIT,72,Greed
1708128000000000000,2024-02-17T00:00:00.000000000Z,FNG-INDEX.BYBIT,76,Extreme Greed
1708214400000000000,2024-02-18T00:00:00.000000000Z,FNG-INDEX.BYBIT,72,Greed
1708300800000000000,2024-02-19T00:00:00.000000000Z,FNG-INDEX.BYBIT,75,Greed
1708387200000000000,2024-02-20T00:00:00.000000000Z,FNG-INDEX.BYBIT,72,Greed
1708473600000000000,2024-02-21T00:00:00.000000000Z,FNG-INDEX.BYBIT,78,Extreme Greed
1708560000000000000,2024-02-22T00:00:00.000000000Z,FNG-INDEX.BYBIT,74,Greed
1708646400000000000,2024-02-23T00:00:00.000000000Z,FNG-INDEX.BYBIT,76,Extreme Greed
1708732800000000000,2024-02-24T00:00:00.000000000Z,FNG-INDEX.BYBIT,72,Greed
1708819200000000000,2024-02-25T00:00:00.000000000Z,FNG-INDEX.BYBIT,74,Greed
1708905600000000000,2024-02-26T00:00:00.000000000Z,FNG-INDEX.BYBIT,72,Greed
1708992000000000000,2024-02-27T00:00:00.000000000Z,FNG-INDEX.BYBIT,79,Extreme Greed
1709078400000000000,2024-02-28T00:00:00.000000000Z,FNG-INDEX.BYBIT,82,Extreme Greed
1709164800000000000,2024-02-29T00:00:00.000000000Z,FNG-INDEX.BYBIT,80,Extreme Greed
1709251200000000000,2024-03-01T00:00:00.000000000Z,FNG-INDEX.BYBIT,80,Extreme Greed
1709337600000000000,2024-03-02T00:00:00.000000000Z,FNG-INDEX.BYBIT,80,Extreme Greed
1709424000000000000,2024-03-03T00:00:00.000000000Z,FNG-INDEX.BYBIT,83,Extreme Greed
1709510400000000000,2024-03-04T00:00:00.000000000Z,FNG-INDEX.BYBIT,82,Extreme Greed
1709596800000000000,2024-03-05T00:00:00.000000000Z,FNG-INDEX.BYBIT,90,Extreme Greed
1709683200000000000,2024-03-06T00:00:00.000000000Z,FNG-INDEX.BYBIT,75,Greed
1709769600000000000,2024-03-07T00:00:00.000000000Z,FNG-INDEX.BYBIT,82,Extreme Greed
1709856000000000000,2024-03-08T00:00:00.000000000Z,FNG-INDEX.BYBIT,81,Extreme Greed
1709942400000000000,2024-03-09T00:00:00.000000000Z,FNG-INDEX.BYBIT,84,Extreme Greed
1710028800000000000,2024-03-10T00:00:00.000000000Z,FNG-INDEX.BYBIT,79,Extreme Greed
1710115200000000000,2024-03-11T00:00:00.000000000Z,FNG-INDEX.BYBIT,82,Extreme Greed
1710201600000000000,2024-03-12T00:00:00.000000000Z,FNG-INDEX.BYBIT,81,Extreme Greed
1710288000000000000,2024-03-13T00:00:00.000000000Z,FNG-INDEX.BYBIT,81,Extreme Greed
1710374400000000000,2024-03-14T00:00:00.000000000Z,FNG-INDEX.BYBIT,88,Extreme Greed
1710460800000000000,2024-03-15T00:00:00.000000000Z,FNG-INDEX.BYBIT,83,Extreme Greed
1710547200000000000,2024-03-16T00:00:00.000000000Z,FNG-INDEX.BYBIT,81,Extreme Greed
1710633600000000000,2024-03-17T00:00:00.000000000Z,FNG-INDEX.BYBIT,79,Extreme Greed
1710720000000000000,2024-03-18T00:00:00.000000000Z,FNG-INDEX.BYBIT,77,Extreme Greed
1710806400000000000,2024-03-19T00:00:00.000000000Z,FNG-INDEX.BYBIT,79,Extreme Greed
1710892800000000000,2024-03-20T00:00:00.000000000Z,FNG-INDEX.BYBIT,74,Greed
1710979200000000000,2024-03-21T00:00:00.000000000Z,FNG-INDEX.BYBIT,78,Extreme Greed
1711065600000000000,2024-03-22T00:00:00.000000000Z,FNG-INDEX.BYBIT,75,Greed
1711152000000000000,2024-03-23T00:00:00.000000000Z,FNG-INDEX.BYBIT,73,Greed
1711238400000000000,2024-03-24T00:00:00.000000000Z,FNG-INDEX.BYBIT,74,Greed
1711324800000000000,2024-03-25T00:00:00.000000000Z,FNG-INDEX.BYBIT,75,Greed
1711411200000000000,2024-03-26T00:00:00.000000000Z,FNG-INDEX.BYBIT,81,Extreme Greed
1711497600000000000,2024-03-27T00:00:00.000000000Z,FNG-INDEX.BYBIT,83,Extreme Greed
1711584000000000000,2024-03-28T00:00:00.000000000Z,FNG-INDEX.BYBIT,80,Extreme Greed
1711670400000000000,2024-03-29T00:00:00.000000000Z,FNG-INDEX.BYBIT,79,Extreme Greed
1711756800000000000,2024-03-30T00:00:00.000000000Z,FNG-INDEX.BYBIT,75,Greed
1711843200000000000,2024-03-31T00:00:00.000000000Z,FNG-INDEX.BYBIT,75,Greed
1711929600000000000,2024-04-01T00:00:00.000000000Z,FNG-INDEX.BYBIT,79,Extreme Greed
1712016000000000000,2024-04-02T00:00:00.000000000Z,FNG-INDEX.BYBIT,79,Extreme Greed
1712102400000000000,2024-04-03T00:00:00.000000000Z,FNG-INDEX.BYBIT,71,Greed
1712188800000000000,2024-04-04T00:00:00.000000000Z,FNG-INDEX.BYBIT,70,Greed
1712275200000000000,2024-04-05T00:00:00.000000000Z,FNG-INDEX.BYBIT,79,Extreme Greed
1712361600000000000,2024-04-06T00:00:00.000000000Z,FNG-INDEX.BYBIT,75,Greed
1712448000000000000,2024-04-07T00:00:00.000000000Z,FNG-INDEX.BYBIT,78,Extreme Greed
1712534400000000000,2024-04-08T00:00:00.000000000Z,FNG-INDEX.BYBIT,76,Extreme Greed
1712620800000000000,2024-04-09T00:00:00.000000000Z,FNG-INDEX.BYBIT,80,Extreme Greed
1712707200000000000,2024-04-10T00:00:00.000000000Z,FNG-INDEX.BYBIT,78,Extreme Greed
1712793600000000000,2024-04-11T00:00:00.000000000Z,FNG-INDEX.BYBIT,76,Extreme Greed
1712880000000000000,2024-04-12T00:00:00.000000000Z,FNG-INDEX.BYBIT,79,Extreme Greed
1712966400000000000,2024-04-13T00:00:00.000000000Z,FNG-INDEX.BYBIT,72,Greed
1713052800000000000,2024-04-14T00:00:00.000000000Z,FNG-INDEX.BYBIT,72,Greed
1713139200000000000,2024-04-15T00:00:00.000000000Z,FNG-INDEX.BYBIT,74,Greed
1713225600000000000,2024-04-16T00:00:00.000000000Z,FNG-INDEX.BYBIT,65,Greed
1713312000000000000,2024-04-17T00:00:00.000000000Z,FNG-INDEX.BYBIT,67,Greed
1713398400000000000,2024-04-18T00:00:00.000000000Z,FNG-INDEX.BYBIT,57,Greed
1713484800000000000,2024-04-19T00:00:00.000000000Z,FNG-INDEX.BYBIT,66,Greed
1713571200000000000,2024-04-20T00:00:00.000000000Z,FNG-INDEX.BYBIT,66,Greed
1713657600000000000,2024-04-21T00:00:00.000000000Z,FNG-INDEX.BYBIT,72,Greed
1713744000000000000,2024-04-22T00:00:00.000000000Z,FNG-INDEX.BYBIT,73,Greed
1713830400000000000,2024-04-23T00:00:00.000000000Z,FNG-INDEX.BYBIT,71,Greed
1713916800000000000,2024-04-24T00:00:00.000000000Z,FNG-INDEX.BYBIT,72,Greed
1714003200000000000,2024-04-25T00:00:00.000000000Z,FNG-INDEX.BYBIT,72,Greed
1714089600000000000,2024-04-26T00:00:00.000000000Z,FNG-INDEX.BYBIT,70,Greed
1714176000000000000,2024-04-27T00:00:00.000000000Z,FNG-INDEX.BYBIT,67,Greed
1714262400000000000,2024-04-28T00:00:00.000000000Z,FNG-INDEX.BYBIT,65,Greed
1714348800000000000,2024-04-29T00:00:00.000000000Z,FNG-INDEX.BYBIT,67,Greed
1714435200000000000,2024-04-30T00:00:00.000000000Z,FNG-INDEX.BYBIT,67,Greed
1714521600000000000,2024-05-01T00:00:00.000000000Z,FNG-INDEX.BYBIT,54,Neutral
1714608000000000000,2024-05-02T00:00:00.000000000Z,FNG-INDEX.BYBIT,43,Fear
1714694400000000000,2024-05-03T00:00:00.000000000Z,FNG-INDEX.BYBIT,48,Neutral
1714780800000000000,2024-05-04T00:00:00.000000000Z,FNG-INDEX.BYBIT,67,Greed
1714867200000000000,2024-05-05T00:00:00.000000000Z,FNG-INDEX.BYBIT,69,Greed
1714953600000000000,2024-05-06T00:00:00.000000000Z,FNG-INDEX.BYBIT,71,Greed
1715040000000000000,2024-05-07T00:00:00.000000000Z,FNG-INDEX.BYBIT,68,Greed
1715126400000000000,2024-05-08T00:00:00.000000000Z,FNG-INDEX.BYBIT,64,Greed
1715212800000000000,2024-05-09T00:00:00.000000000Z,FNG-INDEX.BYBIT,55,Greed
1715299200000000000,2024-05-10T00:00:00.000000000Z,FNG-INDEX.BYBIT,66,Greed
1715385600000000000,2024-05-11T00:00:00.000000000Z,FNG-INDEX.BYBIT,53,Neutral
1715472000000000000,2024-05-12T00:00:00.000000000Z,FNG-INDEX.BYBIT,56,Greed
1715558400000000000,2024-05-13T00:00:00.000000000Z,FNG-INDEX.BYBIT,57,Greed
1715644800000000000,2024-05-14T00:00:00.000000000Z,FNG-INDEX.BYBIT,66,Greed
1715731200000000000,2024-05-15T00:00:00.000000000Z,FNG-INDEX.BYBIT,64,Greed
1715817600000000000,2024-05-16T00:00:00.000000000Z,FNG-INDEX.BYBIT,70,Greed
1715904000000000000,2024-05-17T00:00:00.000000000Z,FNG-INDEX.BYBIT,74,Greed
1715990400000000000,2024-05-18T00:00:00.000000000Z,FNG-INDEX.BYBIT,73,Greed
1716076800000000000,2024-05-19T00:00:00.000000000Z,FNG-INDEX.BYBIT,72,Greed
1716163200000000000,2024-05-20T00:00:00.000000000Z,FNG-INDEX.BYBIT,70,Greed
1716249600000000000,2024-05-21T00:00:00.000000000Z,FNG-INDEX.BYBIT,76,Extreme Greed
1716336000000000000,2024-05-22T00:00:00.000000000Z,FNG-INDEX.BYBIT,76,Extreme Greed
1716422400000000000,2024-05-23T00:00:00.000000000Z,FNG-INDEX.BYBIT,76,Extreme Greed
1716508800000000000,2024-05-24T00:00:00.000000000Z,FNG-INDEX.BYBIT,74,Greed
1716595200000000000,2024-05-25T00:00:00.000000000Z,FNG-INDEX.BYBIT,76,Extreme Greed
1716681600000000000,2024-05-26T00:00:00.000000000Z,FNG-INDEX.BYBIT,75,Greed
1716768000000000000,2024-05-27T00:00:00.000000000Z,FNG-INDEX.BYBIT,74,Greed
1716854400000000000,2024-05-28T00:00:00.000000000Z,FNG-INDEX.BYBIT,72,Greed
1716940800000000000,2024-05-29T00:00:00.000000000Z,FNG-INDEX.BYBIT,72,Greed
1717027200000000000,2024-05-30T00:00:00.000000000Z,FNG-INDEX.BYBIT,73,Greed
1717113600000000000,2024-05-31T00:00:00.000000000Z,FNG-INDEX.BYBIT,73,Greed
1717200000000000000,2024-06-01T00:00:00.000000000Z,FNG-INDEX.BYBIT,72,Greed
1717286400000000000,2024-06-02T00:00:00.000000000Z,FNG-INDEX.BYBIT,73,Greed
1717372800000000000,2024-06-03T00:00:00.000000000Z,FNG-INDEX.BYBIT,73,Greed
1717459200000000000,2024-06-04T00:00:00.000000000Z,FNG-INDEX.BYBIT,73,Greed
1717545600000000000,2024-06-05T00:00:00.000000000Z,FNG-INDEX.BYBIT,75,Greed
1717632000000000000,2024-06-06T00:00:00.000000000Z,FNG-INDEX.BYBIT,78,Extreme Greed
1717718400000000000,2024-06-07T00:00:00.000000000Z,FNG-INDEX.BYBIT,77,Extreme Greed
1717804800000000000,2024-06-08T00:00:00.000000000Z,FNG-INDEX.BYBIT,72,Greed
1717891200000000000,2024-06-09T00:00:00.000000000Z,FNG-INDEX.BYBIT,75,Greed
1717977600000000000,2024-06-10T00:00:00.000000000Z,FNG-INDEX.BYBIT,72,Greed
1718064000000000000,2024-06-11T00:00:00.000000000Z,FNG-INDEX.BYBIT,74,Greed
1718150400000000000,2024-06-12T00:00:00.000000000Z,FNG-INDEX.BYBIT,72,Greed
1718236800000000000,2024-06-13T00:00:00.000000000Z,FNG-INDEX.BYBIT,70,Greed
1718323200000000000,2024-06-14T00:00:00.000000000Z,FNG-INDEX.BYBIT,74,Greed
1718409600000000000,2024-06-15T00:00:00.000000000Z,FNG-INDEX.BYBIT,74,Greed
1718496000000000000,2024-06-16T00:00:00.000000000Z,FNG-INDEX.BYBIT,71,Greed
1718582400000000000,2024-06-17T00:00:00.000000000Z,FNG-INDEX.BYBIT,71,Greed
1718668800000000000,2024-06-18T00:00:00.000000000Z,FNG-INDEX.BYBIT,74,Greed
1718755200000000000,2024-06-19T00:00:00.000000000Z,FNG-INDEX.BYBIT,64,Greed
1718841600000000000,2024-06-20T00:00:00.000000000Z,FNG-INDEX.BYBIT,60,Greed
1718928000000000000,2024-06-21T00:00:00.000000000Z,FNG-INDEX.BYBIT,63,Greed
1719014400000000000,2024-06-22T00:00:00.000000000Z,FNG-INDEX.BYBIT,53,Neutral
1719100800000000000,2024-06-23T00:00:00.000000000Z,FNG-INDEX.BYBIT,55,Greed
1719187200000000000,2024-06-24T00:00:00.000000000Z,FNG-INDEX.BYBIT,51,Neutral
1719273600000000000,2024-06-25T00:00:00.000000000Z,FNG-INDEX.BYBIT,30,Fear
1719360000000000000,2024-06-26T00:00:00.000000000Z,FNG-INDEX.BYBIT,46,Fear
1719446400000000000,2024-06-27T00:00:00.000000000Z,FNG-INDEX.BYBIT,40,Fear
1719532800000000000,2024-06-28T00:00:00.000000000Z,FNG-INDEX.BYBIT,47,Neutral
1719619200000000000,2024-06-29T00:00:00.000000000Z,FNG-INDEX.BYBIT,30,Fear
1719705600000000000,2024-06-30T00:00:00.000000000Z,FNG-INDEX.BYBIT,47,Neutral
1719792000000000000,2024-07-01T00:00:00.000000000Z,FNG-INDEX.BYBIT,53,Neutral
1719878400000000000,2024-07-02T00:00:00.000000000Z,FNG-INDEX.BYBIT,51,Neutral
1719964800000000000,2024-07-03T00:00:00.000000000Z,FNG-INDEX.BYBIT,50,Neutral
1720051200000000000,2024-07-04T00:00:00.000000000Z,FNG-INDEX.BYBIT,44,Fear
1720137600000000000,2024-07-05T00:00:00.000000000Z,FNG-INDEX.BYBIT,29,Fear
1720224000000000000,2024-07-06T00:00:00.000000000Z,FNG-INDEX.BYBIT,26,Fear
1720310400000000000,2024-07-07T00:00:00.000000000Z,FNG-INDEX.BYBIT,29,Fear
1720396800000000000,2024-07-08T00:00:00.000000000Z,FNG-INDEX.BYBIT,28,Fear
1720483200000000000,2024-07-09T00:00:00.000000000Z,FNG-INDEX.BYBIT,27,Fear
1720569600000000000,2024-07-10T00:00:00.000000000Z,FNG-INDEX.BYBIT,28,Fear
1720656000000000000,2024-07-11T00:00:00.000000000Z,FNG-INDEX.BYBIT,29,Fear
1720742400000000000,2024-07-12T00:00:00.000000000Z,FNG-INDEX.BYBIT,25,Extreme Fear
1720828800000000000,2024-07-13T00:00:00.000000000Z,FNG-INDEX.BYBIT,25,Extreme Fear
1720915200000000000,2024-07-14T00:00:00.000000000Z,FNG-INDEX.BYBIT,33,Fear
1721001600000000000,2024-07-15T00:00:00.000000000Z,FNG-INDEX.BYBIT,52,Neutral
1721088000000000000,2024-07-16T00:00:00.000000000Z,FNG-INDEX.BYBIT,65,Greed
1721174400000000000,2024-07-17T00:00:00.000000000Z,FNG-INDEX.BYBIT,69,Greed
1721260800000000000,2024-07-18T00:00:00.000000000Z,FNG-INDEX.BYBIT,61,Greed
1721347200000000000,2024-07-19T00:00:00.000000000Z,FNG-INDEX.BYBIT,60,Greed
1721433600000000000,2024-07-20T00:00:00.000000000Z,FNG-INDEX.BYBIT,74,Greed
1721520000000000000,2024-07-21T00:00:00.000000000Z,FNG-INDEX.BYBIT,74,Greed
1721606400000000000,2024-07-22T00:00:00.000000000Z,FNG-INDEX.BYBIT,70,Greed
1721692800000000000,2024-07-23T00:00:00.000000000Z,FNG-INDEX.BYBIT,71,Greed
1721779200000000000,2024-07-24T00:00:00.000000000Z,FNG-INDEX.BYBIT,69,Greed
1721865600000000000,2024-07-25T00:00:00.000000000Z,FNG-INDEX.BYBIT,68,Greed
1721952000000000000,2024-07-26T00:00:00.000000000Z,FNG-INDEX.BYBIT,68,Greed
1722038400000000000,2024-07-27T00:00:00.000000000Z,FNG-INDEX.BYBIT,72,Greed
1722124800000000000,2024-07-28T00:00:00.000000000Z,FNG-INDEX.BYBIT,71,Greed
1722211200000000000,2024-07-29T00:00:00.000000000Z,FNG-INDEX.BYBIT,74,Greed
1722297600000000000,2024-07-30T00:00:00.000000000Z,FNG-INDEX.BYBIT,67,Greed
1722384000000000000,2024-07-31T00:00:00.000000000Z,FNG-INDEX.BYBIT,61,Greed
1722470400000000000,2024-08-01T00:00:00.000000000Z,FNG-INDEX.BYBIT,52,Neutral
1722556800000000000,2024-08-02T00:00:00.000000000Z,FNG-INDEX.BYBIT,57,Greed
1722643200000000000,2024-08-03T00:00:00.000000000Z,FNG-INDEX.BYBIT,37,Fear
1722729600000000000,2024-08-04T00:00:00.000000000Z,FNG-INDEX.BYBIT,34,Fear
1722816000000000000,2024-08-05T00:00:00.000000000Z,FNG-INDEX.BYBIT,26,Fear
1722902400000000000,2024-08-06T00:00:00.000000000Z,FNG-INDEX.BYBIT,17,Extreme Fear
1722988800000000000,2024-08-07T00:00:00.000000000Z,FNG-INDEX.BYBIT,29,Fear
1723075200000000000,2024-08-08T00:00:00.000000000Z,FNG-INDEX.BYBIT,20,Extreme Fear
1723161600000000000,2024-08-09T00:00:00.000000000Z,FNG-INDEX.BYBIT,48,Neutral
1723248000000000000,2024-08-10T00:00:00.000000000Z,FNG-INDEX.BYBIT,40,Fear
1723334400000000000,2024-08-11T00:00:00.000000000Z,FNG-INDEX.BYBIT,39,Fear
1723420800000000000,2024-08-12T00:00:00.000000000Z,FNG-INDEX.BYBIT,25,Extreme Fear
1723507200000000000,2024-08-13T00:00:00.000000000Z,FNG-INDEX.BYBIT,31,Fear
1723593600000000000,2024-08-14T00:00:00.000000000Z,FNG-INDEX.BYBIT,30,Fear
1723680000000000000,2024-08-15T00:00:00.000000000Z,FNG-INDEX.BYBIT,29,Fear
1723766400000000000,2024-08-16T00:00:00.000000000Z,FNG-INDEX.BYBIT,27,Fear
1723852800000000000,2024-08-17T00:00:00.000000000Z,FNG-INDEX.BYBIT,25,Extreme Fear
1723939200000000000,2024-08-18T00:00:00.000000000Z,FNG-INDEX.BYBIT,31,Fear
1724025600000000000,2024-08-19T00:00:00.000000000Z,FNG-INDEX.BYBIT,28,Fear
1724112000000000000,2024-08-20T00:00:00.000000000Z,FNG-INDEX.BYBIT,30,Fear
1724198400000000000,2024-08-21T00:00:00.000000000Z,FNG-INDEX.BYBIT,26,Fear
1724284800000000000,2024-08-22T00:00:00.000000000Z,FNG-INDEX.BYBIT,39,Fear
1724371200000000000,2024-08-23T00:00:00.000000000Z,FNG-INDEX.BYBIT,34,Fear
1724457600000000000,2024-08-24T00:00:00.000000000Z,FNG-INDEX.BYBIT,56,Greed
1724544000000000000,2024-08-25T00:00:00.000000000Z,FNG-INDEX.BYBIT,54,Neutral
1724630400000000000,2024-08-26T00:00:00.000000000Z,FNG-INDEX.BYBIT,55,Greed
1724716800000000000,2024-08-27T00:00:00.000000000Z,FNG-INDEX.BYBIT,48,Neutral
1724803200000000000,2024-08-28T00:00:00.000000000Z,FNG-INDEX.BYBIT,30,Fear
1724889600000000000,2024-08-29T00:00:00.000000000Z,FNG-INDEX.BYBIT,29,Fear
1724976000000000000,2024-08-30T00:00:00.000000000Z,FNG-INDEX.BYBIT,34,Fear
1725062400000000000,2024-08-31T00:00:00.000000000Z,FNG-INDEX.BYBIT,29,Fear
1725148800000000000,2024-09-01T00:00:00.000000000Z,FNG-INDEX.BYBIT,26,Fear
1725235200000000000,2024-09-02T00:00:00.000000000Z,FNG-INDEX.BYBIT,26,Fear
1725321600000000000,2024-09-03T00:00:00.000000000Z,FNG-INDEX.BYBIT,26,Fear
1725408000000000000,2024-09-04T00:00:00.000000000Z,FNG-INDEX.BYBIT,27,Fear
1725494400000000000,2024-09-05T00:00:00.000000000Z,FNG-INDEX.BYBIT,29,Fear
1725580800000000000,2024-09-06T00:00:00.000000000Z,FNG-INDEX.BYBIT,22,Extreme Fear
1725667200000000000,2024-09-07T00:00:00.000000000Z,FNG-INDEX.BYBIT,23,Extreme Fear
1725753600000000000,2024-09-08T00:00:00.000000000Z,FNG-INDEX.BYBIT,29,Fear
1725840000000000000,2024-09-09T00:00:00.000000000Z,FNG-INDEX.BYBIT,26,Fear
1725926400000000000,2024-09-10T00:00:00.000000000Z,FNG-INDEX.BYBIT,33,Fear
1726012800000000000,2024-09-11T00:00:00.000000000Z,FNG-INDEX.BYBIT,37,Fear
1726099200000000000,2024-09-12T00:00:00.000000000Z,FNG-INDEX.BYBIT,31,Fear
1726185600000000000,2024-09-13T00:00:00.000000000Z,FNG-INDEX.BYBIT,32,Fear
1726272000000000000,2024-09-14T00:00:00.000000000Z,FNG-INDEX.BYBIT,50,Neutral
1726358400000000000,2024-09-15T00:00:00.000000000Z,FNG-INDEX.BYBIT,51,Neutral
1726444800000000000,2024-09-16T00:00:00.000000000Z,FNG-INDEX.BYBIT,39,Fear
1726531200000000000,2024-09-17T00:00:00.000000000Z,FNG-INDEX.BYBIT,33,Fear
1726617600000000000,2024-09-18T00:00:00.000000000Z,FNG-INDEX.BYBIT,45,Fear
1726704000000000000,2024-09-19T00:00:00.000000000Z,FNG-INDEX.BYBIT,49,Neutral
1726790400000000000,2024-09-20T00:00:00.000000000Z,FNG-INDEX.BYBIT,54,Neutral
1726876800000000000,2024-09-21T00:00:00.000000000Z,FNG-INDEX.BYBIT,54,Neutral
1726963200000000000,2024-09-22T00:00:00.000000000Z,FNG-INDEX.BYBIT,52,Neutral
1727049600000000000,2024-09-23T00:00:00.000000000Z,FNG-INDEX.BYBIT,50,Neutral
1727136000000000000,2024-09-24T00:00:00.000000000Z,FNG-INDEX.BYBIT,54,Neutral
1727222400000000000,2024-09-25T00:00:00.000000000Z,FNG-INDEX.BYBIT,59,Greed
1727308800000000000,2024-09-26T00:00:00.000000000Z,FNG-INDEX.BYBIT,50,Neutral
1727395200000000000,2024-09-27T00:00:00.000000000Z,FNG-INDEX.BYBIT,61,Greed
1727481600000000000,2024-09-28T00:00:00.000000000Z,FNG-INDEX.BYBIT,64,Greed
1727568000000000000,2024-09-29T00:00:00.000000000Z,FNG-INDEX.BYBIT,63,Greed
1727654400000000000,2024-09-30T00:00:00.000000000Z,FNG-INDEX.BYBIT,61,Greed
1727740800000000000,2024-10-01T00:00:00.000000000Z,FNG-INDEX.BYBIT,50,Neutral
1727827200000000000,2024-10-02T00:00:00.000000000Z,FNG-INDEX.BYBIT,42,Fear
1727913600000000000,2024-10-03T00:00:00.000000000Z,FNG-INDEX.BYBIT,37,Fear
1728000000000000000,2024-10-04T00:00:00.000000000Z,FNG-INDEX.BYBIT,41,Fear
1728086400000000000,2024-10-05T00:00:00.000000000Z,FNG-INDEX.BYBIT,49,Neutral
1728172800000000000,2024-10-06T00:00:00.000000000Z,FNG-INDEX.BYBIT,50,Neutral
1728259200000000000,2024-10-07T00:00:00.000000000Z,FNG-INDEX.BYBIT,50,Neutral
1728345600000000000,2024-10-08T00:00:00.000000000Z,FNG-INDEX.BYBIT,49,Neutral
1728432000000000000,2024-10-09T00:00:00.000000000Z,FNG-INDEX.BYBIT,49,Neutral
1728518400000000000,2024-10-10T00:00:00.000000000Z,FNG-INDEX.BYBIT,39,Fear
1728604800000000000,2024-10-11T00:00:00.000000000Z,FNG-INDEX.BYBIT,32,Fear
1728691200000000000,2024-10-12T00:00:00.000000000Z,FNG-INDEX.BYBIT,49,Neutral
1728777600000000000,2024-10-13T00:00:00.000000000Z,FNG-INDEX.BYBIT,50,Neutral
1728864000000000000,2024-10-14T00:00:00.000000000Z,FNG-INDEX.BYBIT,48,Neutral
1728950400000000000,2024-10-15T00:00:00.000000000Z,FNG-INDEX.BYBIT,65,Greed
1729036800000000000,2024-10-16T00:00:00.000000000Z,FNG-INDEX.BYBIT,73,Greed
1729123200000000000,2024-10-17T00:00:00.000000000Z,FNG-INDEX.BYBIT,71,Greed
1729209600000000000,2024-10-18T00:00:00.000000000Z,FNG-INDEX.BYBIT,73,Greed
1729296000000000000,2024-10-19T00:00:00.000000000Z,FNG-INDEX.BYBIT,72,Greed
1729382400000000000,2024-10-20T00:00:00.000000000Z,FNG-INDEX.BYBIT,73,Greed
1729468800000000000,2024-10-21T00:00:00.000000000Z,FNG-INDEX.BYBIT,72,Greed
1729555200000000000,2024-10-22T00:00:00.000000000Z,FNG-INDEX.BYBIT,70,Greed
1729641600000000000,2024-10-23T00:00:00.000000000Z,FNG-INDEX.BYBIT,71,Greed
1729728000000000000,2024-10-24T00:00:00.000000000Z,FNG-INDEX.BYBIT,69,Greed
1729814400000000000,2024-10-25T00:00:00.000000000Z,FNG-INDEX.BYBIT,72,Greed
1729987200000000000,2024-10-27T00:00:00.000000000Z,FNG-INDEX.BYBIT,74,Greed
1730073600000000000,2024-10-28T00:00:00.000000000Z,FNG-INDEX.BYBIT,72,Greed
1730160000000000000,2024-10-29T00:00:00.000000000Z,FNG-INDEX.BYBIT,72,Greed
1730246400000000000,2024-10-30T00:00:00.000000000Z,FNG-INDEX.BYBIT,77,Extreme Greed
1730332800000000000,2024-10-31T00:00:00.000000000Z,FNG-INDEX.BYBIT,77,Extreme Greed
1730419200000000000,2024-11-01T00:00:00.000000000Z,FNG-INDEX.BYBIT,75,Greed
1730505600000000000,2024-11-02T00:00:00.000000000Z,FNG-INDEX.BYBIT,72,Greed
1730592000000000000,2024-11-03T00:00:00.000000000Z,FNG-INDEX.BYBIT,74,Greed
1730678400000000000,2024-11-04T00:00:00.000000000Z,FNG-INDEX.BYBIT,70,Greed
1730764800000000000,2024-11-05T00:00:00.000000000Z,FNG-INDEX.BYBIT,70,Greed
1730851200000000000,2024-11-06T00:00:00.000000000Z,FNG-INDEX.BYBIT,70,Greed
1730937600000000000,2024-11-07T00:00:00.000000000Z,FNG-INDEX.BYBIT,77,Extreme Greed
1731024000000000000,2024-11-08T00:00:00.000000000Z,FNG-INDEX.BYBIT,75,Greed
1731110400000000000,2024-11-09T00:00:00.000000000Z,FNG-INDEX.BYBIT,75,Greed
1731196800000000000,2024-11-10T00:00:00.000000000Z,FNG-INDEX.BYBIT,78,Extreme Greed
1731283200000000000,2024-11-11T00:00:00.000000000Z,FNG-INDEX.BYBIT,76,Extreme Greed
1731369600000000000,2024-11-12T00:00:00.000000000Z,FNG-INDEX.BYBIT,80,Extreme Greed
1731456000000000000,2024-11-13T00:00:00.000000000Z,FNG-INDEX.BYBIT,84,Extreme Greed
1731542400000000000,2024-11-14T00:00:00.000000000Z,FNG-INDEX.BYBIT,88,Extreme Greed
1731628800000000000,2024-11-15T00:00:00.000000000Z,FNG-INDEX.BYBIT,80,Extreme Greed
1731715200000000000,2024-11-16T00:00:00.000000000Z,FNG-INDEX.BYBIT,86,Extreme Greed
1731801600000000000,2024-11-17T00:00:00.000000000Z,FNG-INDEX.BYBIT,90,Extreme Greed
1731888000000000000,2024-11-18T00:00:00.000000000Z,FNG-INDEX.BYBIT,83,Extreme Greed
1731974400000000000,2024-11-19T00:00:00.000000000Z,FNG-INDEX.BYBIT,90,Extreme Greed
1732060800000000000,2024-11-20T00:00:00.000000000Z,FNG-INDEX.BYBIT,83,Extreme Greed
1732147200000000000,2024-11-21T00:00:00.000000000Z,FNG-INDEX.BYBIT,82,Extreme Greed
1732233600000000000,2024-11-22T00:00:00.000000000Z,FNG-INDEX.BYBIT,94,Extreme Greed
1732320000000000000,2024-11-23T00:00:00.000000000Z,FNG-INDEX.BYBIT,93,Extreme Greed
1732406400000000000,2024-11-24T00:00:00.000000000Z,FNG-INDEX.BYBIT,80,Extreme Greed
1732492800000000000,2024-11-25T00:00:00.000000000Z,FNG-INDEX.BYBIT,82,Extreme Greed
1732579200000000000,2024-11-26T00:00:00.000000000Z,FNG-INDEX.BYBIT,79,Extreme Greed
1732665600000000000,2024-11-27T00:00:00.000000000Z,FNG-INDEX.BYBIT,75,Greed
1732752000000000000,2024-11-28T00:00:00.000000000Z,FNG-INDEX.BYBIT,77,Extreme Greed
1732838400000000000,2024-11-29T00:00:00.000000000Z,FNG-INDEX.BYBIT,78,Extreme Greed
1732924800000000000,2024-11-30T00:00:00.000000000Z,FNG-INDEX.BYBIT,84,Extreme Greed
1733011200000000000,2024-12-01T00:00:00.000000000Z,FNG-INDEX.BYBIT,81,Extreme Greed
1733097600000000000,2024-12-02T00:00:00.000000000Z,FNG-INDEX.BYBIT,80,Extreme Greed
1733184000000000000,2024-12-03T00:00:00.000000000Z,FNG-INDEX.BYBIT,76,Extreme Greed
1733270400000000000,2024-12-04T00:00:00.000000000Z,FNG-INDEX.BYBIT,78,Extreme Greed
1733356800000000000,2024-12-05T00:00:00.000000000Z,FNG-INDEX.BYBIT,84,Extreme Greed
1733443200000000000,2024-12-06T00:00:00.000000000Z,FNG-INDEX.BYBIT,72,Greed
1733529600000000000,2024-12-07T00:00:00.000000000Z,FNG-INDEX.BYBIT,75,Greed
1733616000000000000,2024-12-08T00:00:00.000000000Z,FNG-INDEX.BYBIT,79,Extreme Greed
1733702400000000000,2024-12-09T00:00:00.000000000Z,FNG-INDEX.BYBIT,78,Extreme Greed
1733788800000000000,2024-12-10T00:00:00.000000000Z,FNG-INDEX.BYBIT,78,Extreme Greed
1733875200000000000,2024-12-11T00:00:00.000000000Z,FNG-INDEX.BYBIT,74,Greed
1733961600000000000,2024-12-12T00:00:00.000000000Z,FNG-INDEX.BYBIT,83,Extreme Greed
1734048000000000000,2024-12-13T00:00:00.000000000Z,FNG-INDEX.BYBIT,76,Extreme Greed
1734134400000000000,2024-12-14T00:00:00.000000000Z,FNG-INDEX.BYBIT,83,Extreme Greed
1734220800000000000,2024-12-15T00:00:00.000000000Z,FNG-INDEX.BYBIT,80,Extreme Greed
1734307200000000000,2024-12-16T00:00:00.000000000Z,FNG-INDEX.BYBIT,83,Extreme Greed
1734393600000000000,2024-12-17T00:00:00.000000000Z,FNG-INDEX.BYBIT,87,Extreme Greed
1734480000000000000,2024-12-18T00:00:00.000000000Z,FNG-INDEX.BYBIT,81,Extreme Greed
1734566400000000000,2024-12-19T00:00:00.000000000Z,FNG-INDEX.BYBIT,75,Greed
1734652800000000000,2024-12-20T00:00:00.000000000Z,FNG-INDEX.BYBIT,74,Greed
1734739200000000000,2024-12-21T00:00:00.000000000Z,FNG-INDEX.BYBIT,73,Greed
1734825600000000000,2024-12-22T00:00:00.000000000Z,FNG-INDEX.BYBIT,73,Greed
1734912000000000000,2024-12-23T00:00:00.000000000Z,FNG-INDEX.BYBIT,70,Greed
1734998400000000000,2024-12-24T00:00:00.000000000Z,FNG-INDEX.BYBIT,73,Greed
1735084800000000000,2024-12-25T00:00:00.000000000Z,FNG-INDEX.BYBIT,73,Greed
1735171200000000000,2024-12-26T00:00:00.000000000Z,FNG-INDEX.BYBIT,79,Extreme Greed
1735257600000000000,2024-12-27T00:00:00.000000000Z,FNG-INDEX.BYBIT,74,Greed
1735344000000000000,2024-12-28T00:00:00.000000000Z,FNG-INDEX.BYBIT,72,Greed
1735430400000000000,2024-12-29T00:00:00.000000000Z,FNG-INDEX.BYBIT,73,Greed
1735516800000000000,2024-12-30T00:00:00.000000000Z,FNG-INDEX.BYBIT,65,Greed
1735603200000000000,2024-12-31T00:00:00.000000000Z,FNG-INDEX.BYBIT,64,Greed
1735689600000000000,2025-01-01T00:00:00.000000000Z,FNG-INDEX.BYBIT,66,Greed
1735776000000000000,2025-01-02T00:00:00.000000000Z,FNG-INDEX.BYBIT,70,Greed
1735862400000000000,2025-01-03T00:00:00.000000000Z,FNG-INDEX.BYBIT,74,Greed
1735948800000000000,2025-01-04T00:00:00.000000000Z,FNG-INDEX.BYBIT,73,Greed
1736035200000000000,2025-01-05T00:00:00.000000000Z,FNG-INDEX.BYBIT,72,Greed
1736121600000000000,2025-01-06T00:00:00.000000000Z,FNG-INDEX.BYBIT,76,Extreme Greed
1736208000000000000,2025-01-07T00:00:00.000000000Z,FNG-INDEX.BYBIT,78,Extreme Greed
1736294400000000000,2025-01-08T00:00:00.000000000Z,FNG-INDEX.BYBIT,70,Greed
1736380800000000000,2025-01-09T00:00:00.000000000Z,FNG-INDEX.BYBIT,69,Greed
1736467200000000000,2025-01-10T00:00:00.000000000Z,FNG-INDEX.BYBIT,50,Neutral
1736553600000000000,2025-01-11T00:00:00.000000000Z,FNG-INDEX.BYBIT,69,Greed
1736640000000000000,2025-01-12T00:00:00.000000000Z,FNG-INDEX.BYBIT,62,Greed
1736726400000000000,2025-01-13T00:00:00.000000000Z,FNG-INDEX.BYBIT,61,Greed
1736812800000000000,2025-01-14T00:00:00.000000000Z,FNG-INDEX.BYBIT,63,Greed
1736899200000000000,2025-01-15T00:00:00.000000000Z,FNG-INDEX.BYBIT,70,Greed
1736985600000000000,2025-01-16T00:00:00.000000000Z,FNG-INDEX.BYBIT,75,Greed
1737072000000000000,2025-01-17T00:00:00.000000000Z,FNG-INDEX.BYBIT,75,Greed
1737158400000000000,2025-01-18T00:00:00.000000000Z,FNG-INDEX.BYBIT,77,Extreme Greed
1737244800000000000,2025-01-19T00:00:00.000000000Z,FNG-INDEX.BYBIT,77,Extreme Greed
1737331200000000000,2025-01-20T00:00:00.000000000Z,FNG-INDEX.BYBIT,76,Extreme Greed
1737417600000000000,2025-01-21T00:00:00.000000000Z,FNG-INDEX.BYBIT,76,Extreme Greed
1737504000000000000,2025-01-22T00:00:00.000000000Z,FNG-INDEX.BYBIT,84,Extreme Greed
1737590400000000000,2025-01-23T00:00:00.000000000Z,FNG-INDEX.BYBIT,75,Greed
1737676800000000000,2025-01-24T00:00:00.000000000Z,FNG-INDEX.BYBIT,75,Greed
1737763200000000000,2025-01-25T00:00:00.000000000Z,FNG-INDEX.BYBIT,75,Greed
1737849600000000000,2025-01-26T00:00:00.000000000Z,FNG-INDEX.BYBIT,73,Greed
1737936000000000000,2025-01-27T00:00:00.000000000Z,FNG-INDEX.BYBIT,71,Greed
1738022400000000000,2025-01-28T00:00:00.000000000Z,FNG-INDEX.BYBIT,72,Greed
1738108800000000000,2025-01-29T00:00:00.000000000Z,FNG-INDEX.BYBIT,72,Greed
1738195200000000000,2025-01-30T00:00:00.000000000Z,FNG-INDEX.BYBIT,70,Greed
1738281600000000000,2025-01-31T00:00:00.000000000Z,FNG-INDEX.BYBIT,76,Extreme Greed
1738368000000000000,2025-02-01T00:00:00.000000000Z,FNG-INDEX.BYBIT,68,Greed
1738454400000000000,2025-02-02T00:00:00.000000000Z,FNG-INDEX.BYBIT,60,Greed
1738540800000000000,2025-02-03T00:00:00.000000000Z,FNG-INDEX.BYBIT,44,Fear
1738627200000000000,2025-02-04T00:00:00.000000000Z,FNG-INDEX.BYBIT,72,Greed
1738713600000000000,2025-02-05T00:00:00.000000000Z,FNG-INDEX.BYBIT,54,Neutral
1738800000000000000,2025-02-06T00:00:00.000000000Z,FNG-INDEX.BYBIT,49,Neutral
1738886400000000000,2025-02-07T00:00:00.000000000Z,FNG-INDEX.BYBIT,44,Fear
1738972800000000000,2025-02-08T00:00:00.000000000Z,FNG-INDEX.BYBIT,44,Fear
1739059200000000000,2025-02-09T00:00:00.000000000Z,FNG-INDEX.BYBIT,46,Fear
1739145600000000000,2025-02-10T00:00:00.000000000Z,FNG-INDEX.BYBIT,43,Fear
1739232000000000000,2025-02-11T00:00:00.000000000Z,FNG-INDEX.BYBIT,47,Neutral
1739318400000000000,2025-02-12T00:00:00.000000000Z,FNG-INDEX.BYBIT,46,Fear
1739404800000000000,2025-02-13T00:00:00.000000000Z,FNG-INDEX.BYBIT,50,Neutral
1739491200000000000,2025-02-14T00:00:00.000000000Z,FNG-INDEX.BYBIT,48,Neutral
1739577600000000000,2025-02-15T00:00:00.000000000Z,FNG-INDEX.BYBIT,50,Neutral
1739664000000000000,2025-02-16T00:00:00.000000000Z,FNG-INDEX.BYBIT,54,Neutral
1739750400000000000,2025-02-17T00:00:00.000000000Z,FNG-INDEX.BYBIT,51,Neutral
1739836800000000000,2025-02-18T00:00:00.000000000Z,FNG-INDEX.BYBIT,47,Neutral
1739923200000000000,2025-02-19T00:00:00.000000000Z,FNG-INDEX.BYBIT,44,Fear
1740009600000000000,2025-02-20T00:00:00.000000000Z,FNG-INDEX.BYBIT,49,Neutral
1740096000000000000,2025-02-21T00:00:00.000000000Z,FNG-INDEX.BYBIT,55,Greed
1740182400000000000,2025-02-22T00:00:00.000000000Z,FNG-INDEX.BYBIT,49,Neutral
1740268800000000000,2025-02-23T00:00:00.000000000Z,FNG-INDEX.BYBIT,50,Neutral
1740355200000000000,2025-02-24T00:00:00.000000000Z,FNG-INDEX.BYBIT,49,Neutral
1740441600000000000,2025-02-25T00:00:00.000000000Z,FNG-INDEX.BYBIT,25,Extreme Fear
1740528000000000000,2025-02-26T00:00:00.000000000Z,FNG-INDEX.BYBIT,21,Extreme Fear
1740614400000000000,2025-02-27T00:00:00.000000000Z,FNG-INDEX.BYBIT,10,Extreme Fear
1740700800000000000,2025-02-28T00:00:00.000000000Z,FNG-INDEX.BYBIT,16,Extreme Fear
1740787200000000000,2025-03-01T00:00:00.000000000Z,FNG-INDEX.BYBIT,20,Extreme Fear
1740873600000000000,2025-03-02T00:00:00.000000000Z,FNG-INDEX.BYBIT,26,Fear
1740960000000000000,2025-03-03T00:00:00.000000000Z,FNG-INDEX.BYBIT,33,Fear
1741046400000000000,2025-03-04T00:00:00.000000000Z,FNG-INDEX.BYBIT,15,Extreme Fear
1741132800000000000,2025-03-05T00:00:00.000000000Z,FNG-INDEX.BYBIT,20,Extreme Fear
1741219200000000000,2025-03-06T00:00:00.000000000Z,FNG-INDEX.BYBIT,25,Extreme Fear
1741305600000000000,2025-03-07T00:00:00.000000000Z,FNG-INDEX.BYBIT,34,Fear
1741392000000000000,2025-03-08T00:00:00.000000000Z,FNG-INDEX.BYBIT,28,Fear
1741478400000000000,2025-03-09T00:00:00.000000000Z,FNG-INDEX.BYBIT,27,Fear
1741564800000000000,2025-03-10T00:00:00.000000000Z,FNG-INDEX.BYBIT,20,Extreme Fear
1741651200000000000,2025-03-11T00:00:00.000000000Z,FNG-INDEX.BYBIT,24,Extreme Fear
1741737600000000000,2025-03-12T00:00:00.000000000Z,FNG-INDEX.BYBIT,34,Fear
1741824000000000000,2025-03-13T00:00:00.000000000Z,FNG-INDEX.BYBIT,45,Fear
1741910400000000000,2025-03-14T00:00:00.000000000Z,FNG-INDEX.BYBIT,27,Fear
1741996800000000000,2025-03-15T00:00:00.000000000Z,FNG-INDEX.BYBIT,46,Fear
1742083200000000000,2025-03-16T00:00:00.000000000Z,FNG-INDEX.BYBIT,30,Fear
1742169600000000000,2025-03-17T00:00:00.000000000Z,FNG-INDEX.BYBIT,32,Fear
1742256000000000000,2025-03-18T00:00:00.000000000Z,FNG-INDEX.BYBIT,34,Fear
1742342400000000000,2025-03-19T00:00:00.000000000Z,FNG-INDEX.BYBIT,32,Fear
1742428800000000000,2025-03-20T00:00:00.000000000Z,FNG-INDEX.BYBIT,49,Neutral
1742515200000000000,2025-03-21T00:00:00.000000000Z,FNG-INDEX.BYBIT,31,Fear
1742601600000000000,2025-03-22T00:00:00.000000000Z,FNG-INDEX.BYBIT,32,Fear
1742688000000000000,2025-03-23T00:00:00.000000000Z,FNG-INDEX.BYBIT,30,Fear
1742774400000000000,2025-03-24T00:00:00.000000000Z,FNG-INDEX.BYBIT,45,Fear
1742860800000000000,2025-03-25T00:00:00.000000000Z,FNG-INDEX.BYBIT,46,Fear
1742947200000000000,2025-03-26T00:00:00.000000000Z,FNG-INDEX.BYBIT,47,Neutral
1743033600000000000,2025-03-27T00:00:00.000000000Z,FNG-INDEX.BYBIT,40,Fear
1743120000000000000,2025-03-28T00:00:00.000000000Z,FNG-INDEX.BYBIT,44,Fear
1743206400000000000,2025-03-29T00:00:00.000000000Z,FNG-INDEX.BYBIT,26,Fear
1743292800000000000,2025-03-30T00:00:00.000000000Z,FNG-INDEX.BYBIT,32,Fear
1743379200000000000,2025-03-31T00:00:00.000000000Z,FNG-INDEX.BYBIT,34,Fear
1743465600000000000,2025-04-01T00:00:00.000000000Z,FNG-INDEX.BYBIT,34,Fear
1743552000000000000,2025-04-02T00:00:00.000000000Z,FNG-INDEX.BYBIT,44,Fear
1743638400000000000,2025-04-03T00:00:00.000000000Z,FNG-INDEX.BYBIT,25,Extreme Fear
1743724800000000000,2025-04-04T00:00:00.000000000Z,FNG-INDEX.BYBIT,28,Fear
1743811200000000000,2025-04-05T00:00:00.000000000Z,FNG-INDEX.BYBIT,30,Fear
1743897600000000000,2025-04-06T00:00:00.000000000Z,FNG-INDEX.BYBIT,34,Fear
1743984000000000000,2025-04-07T00:00:00.000000000Z,FNG-INDEX.BYBIT,23,Extreme Fear
1744070400000000000,2025-04-08T00:00:00.000000000Z,FNG-INDEX.BYBIT,24,Extreme Fear
1744156800000000000,2025-04-09T00:00:00.000000000Z,FNG-INDEX.BYBIT,18,Extreme Fear
1744243200000000000,2025-04-10T00:00:00.000000000Z,FNG-INDEX.BYBIT,39,Fear
1744329600000000000,2025-04-11T00:00:00.000000000Z,FNG-INDEX.BYBIT,25,Extreme Fear
1744416000000000000,2025-04-12T00:00:00.000000000Z,FNG-INDEX.BYBIT,43,Fear
1744502400000000000,2025-04-13T00:00:00.000000000Z,FNG-INDEX.BYBIT,45,Fear
1744588800000000000,2025-04-14T00:00:00.000000000Z,FNG-INDEX.BYBIT,31,Fear
1744675200000000000,2025-04-15T00:00:00.000000000Z,FNG-INDEX.BYBIT,38,Fear
1744761600000000000,2025-04-16T00:00:00.000000000Z,FNG-INDEX.BYBIT,29,Fear
1744848000000000000,2025-04-17T00:00:00.000000000Z,FNG-INDEX.BYBIT,30,Fear
1744934400000000000,2025-04-18T00:00:00.000000000Z,FNG-INDEX.BYBIT,33,Fear
1745020800000000000,2025-04-19T00:00:00.000000000Z,FNG-INDEX.BYBIT,32,Fear
1745107200000000000,2025-04-20T00:00:00.000000000Z,FNG-INDEX.BYBIT,37,Fear
1745193600000000000,2025-04-21T00:00:00.000000000Z,FNG-INDEX.BYBIT,39,Fear
1745280000000000000,2025-04-22T00:00:00.000000000Z,FNG-INDEX.BYBIT,47,Neutral
1745366400000000000,2025-04-23T00:00:00.000000000Z,FNG-INDEX.BYBIT,72,Greed
1745452800000000000,2025-04-24T00:00:00.000000000Z,FNG-INDEX.BYBIT,63,Greed
1745539200000000000,2025-04-25T00:00:00.000000000Z,FNG-INDEX.BYBIT,60,Greed
1745625600000000000,2025-04-26T00:00:00.000000000Z,FNG-INDEX.BYBIT,65,Greed
1745712000000000000,2025-04-27T00:00:00.000000000Z,FNG-INDEX.BYBIT,61,Greed
1745798400000000000,2025-04-28T00:00:00.000000000Z,FNG-INDEX.BYBIT,54,Neutral
1745884800000000000,2025-04-29T00:00:00.000000000Z,FNG-INDEX.BYBIT,60,Greed
1745971200000000000,2025-04-30T00:00:00.000000000Z,FNG-INDEX.BYBIT,56,Greed
1746057600000000000,2025-05-01T00:00:00.000000000Z,FNG-INDEX.BYBIT,53,Neutral
1746144000000000000,2025-05-02T00:00:00.000000000Z,FNG-INDEX.BYBIT,67,Greed
1746230400000000000,2025-05-03T00:00:00.000000000Z,FNG-INDEX.BYBIT,65,Greed
1746316800000000000,2025-05-04T00:00:00.000000000Z,FNG-INDEX.BYBIT,64,Greed
1746403200000000000,2025-05-05T00:00:00.000000000Z,FNG-INDEX.BYBIT,52,Neutral
1746489600000000000,2025-05-06T00:00:00.000000000Z,FNG-INDEX.BYBIT,59,Greed
1746576000000000000,2025-05-07T00:00:00.000000000Z,FNG-INDEX.BYBIT,67,Greed
1746662400000000000,2025-05-08T00:00:00.000000000Z,FNG-INDEX.BYBIT,65,Greed
1746748800000000000,2025-05-09T00:00:00.000000000Z,FNG-INDEX.BYBIT,73,Greed
1746835200000000000,2025-05-10T00:00:00.000000000Z,FNG-INDEX.BYBIT,70,Greed
1746921600000000000,2025-05-11T00:00:00.000000000Z,FNG-INDEX.BYBIT,70,Greed
1747008000000000000,2025-05-12T00:00:00.000000000Z,FNG-INDEX.BYBIT,70,Greed
1747094400000000000,2025-05-13T00:00:00.000000000Z,FNG-INDEX.BYBIT,70,Greed
1747180800000000000,2025-05-14T00:00:00.000000000Z,FNG-INDEX.BYBIT,73,Greed
1747267200000000000,2025-05-15T00:00:00.000000000Z,FNG-INDEX.BYBIT,70,Greed
1747353600000000000,2025-05-16T00:00:00.000000000Z,FNG-INDEX.BYBIT,71,Greed
1747440000000000000,2025-05-17T00:00:00.000000000Z,FNG-INDEX.BYBIT,74,Greed
1747526400000000000,2025-05-18T00:00:00.000000000Z,FNG-INDEX.BYBIT,74,Greed
1747612800000000000,2025-05-19T00:00:00.000000000Z,FNG-INDEX.BYBIT,74,Greed
1747699200000000000,2025-05-20T00:00:00.000000000Z,FNG-INDEX.BYBIT,71,Greed
1747785600000000000,2025-05-21T00:00:00.000000000Z,FNG-INDEX.BYBIT,70,Greed
1747872000000000000,2025-05-22T00:00:00.000000000Z,FNG-INDEX.BYBIT,72,Greed
1747958400000000000,2025-05-23T00:00:00.000000000Z,FNG-INDEX.BYBIT,78,Extreme Greed
1748044800000000000,2025-05-24T00:00:00.000000000Z,FNG-INDEX.BYBIT,66,Greed
1748131200000000000,2025-05-25T00:00:00.000000000Z,FNG-INDEX.BYBIT,74,Greed
1748217600000000000,2025-05-26T00:00:00.000000000Z,FNG-INDEX.BYBIT,73,Greed
1748304000000000000,2025-05-27T00:00:00.000000000Z,FNG-INDEX.BYBIT,74,Greed
1748390400000000000,2025-05-28T00:00:00.000000000Z,FNG-INDEX.BYBIT,71,Greed
1748476800000000000,2025-05-29T00:00:00.000000000Z,FNG-INDEX.BYBIT,74,Greed
1748563200000000000,2025-05-30T00:00:00.000000000Z,FNG-INDEX.BYBIT,60,Greed
1748649600000000000,2025-05-31T00:00:00.000000000Z,FNG-INDEX.BYBIT,50,Neutral
1748736000000000000,2025-06-01T00:00:00.000000000Z,FNG-INDEX.BYBIT,56,Greed
1748822400000000000,2025-06-02T00:00:00.000000000Z,FNG-INDEX.BYBIT,64,Greed
1748908800000000000,2025-06-03T00:00:00.000000000Z,FNG-INDEX.BYBIT,64,Greed
1748995200000000000,2025-06-04T00:00:00.000000000Z,FNG-INDEX.BYBIT,62,Greed
1749081600000000000,2025-06-05T00:00:00.000000000Z,FNG-INDEX.BYBIT,57,Greed
1749168000000000000,2025-06-06T00:00:00.000000000Z,FNG-INDEX.BYBIT,45,Fear
1749254400000000000,2025-06-07T00:00:00.000000000Z,FNG-INDEX.BYBIT,52,Neutral
1749340800000000000,2025-06-08T00:00:00.000000000Z,FNG-INDEX.BYBIT,62,Greed
1749427200000000000,2025-06-09T00:00:00.000000000Z,FNG-INDEX.BYBIT,62,Greed
1749513600000000000,2025-06-10T00:00:00.000000000Z,FNG-INDEX.BYBIT,71,Greed
1749600000000000000,2025-06-11T00:00:00.000000000Z,FNG-INDEX.BYBIT,72,Greed
1749686400000000000,2025-06-12T00:00:00.000000000Z,FNG-INDEX.BYBIT,71,Greed
1749772800000000000,2025-06-13T00:00:00.000000000Z,FNG-INDEX.BYBIT,61,Greed
1749859200000000000,2025-06-14T00:00:00.000000000Z,FNG-INDEX.BYBIT,63,Greed
1749945600000000000,2025-06-15T00:00:00.000000000Z,FNG-INDEX.BYBIT,60,Greed
1750032000000000000,2025-06-16T00:00:00.000000000Z,FNG-INDEX.BYBIT,61,Greed
1750118400000000000,2025-06-17T00:00:00.000000000Z,FNG-INDEX.BYBIT,68,Greed
1750204800000000000,2025-06-18T00:00:00.000000000Z,FNG-INDEX.BYBIT,52,Neutral
1750291200000000000,2025-06-19T00:00:00.000000000Z,FNG-INDEX.BYBIT,57,Greed
1750377600000000000,2025-06-20T00:00:00.000000000Z,FNG-INDEX.BYBIT,54,Neutral
1750464000000000000,2025-06-21T00:00:00.000000000Z,FNG-INDEX.BYBIT,49,Neutral
1750550400000000000,2025-06-22T00:00:00.000000000Z,FNG-INDEX.BYBIT,42,Fear
1750636800000000000,2025-06-23T00:00:00.000000000Z,FNG-INDEX.BYBIT,47,Neutral
1750723200000000000,2025-06-24T00:00:00.000000000Z,FNG-INDEX.BYBIT,65,Greed
1750809600000000000,2025-06-25T00:00:00.000000000Z,FNG-INDEX.BYBIT,66,Greed
1750896000000000000,2025-06-26T00:00:00.000000000Z,FNG-INDEX.BYBIT,74,Greed
1750982400000000000,2025-06-27T00:00:00.000000000Z,FNG-INDEX.BYBIT,65,Greed
1751068800000000000,2025-06-28T00:00:00.000000000Z,FNG-INDEX.BYBIT,65,Greed
1751155200000000000,2025-06-29T00:00:00.000000000Z,FNG-INDEX.BYBIT,68,Greed
1751241600000000000,2025-06-30T00:00:00.000000000Z,FNG-INDEX.BYBIT,66,Greed
1751328000000000000,2025-07-01T00:00:00.000000000Z,FNG-INDEX.BYBIT,64,Greed
1751414400000000000,2025-07-02T00:00:00.000000000Z,FNG-INDEX.BYBIT,63,Greed
1751500800000000000,2025-07-03T00:00:00.000000000Z,FNG-INDEX.BYBIT,73,Greed
1751587200000000000,2025-07-04T00:00:00.000000000Z,FNG-INDEX.BYBIT,73,Greed
1751673600000000000,2025-07-05T00:00:00.000000000Z,FNG-INDEX.BYBIT,67,Greed
1751760000000000000,2025-07-06T00:00:00.000000000Z,FNG-INDEX.BYBIT,66,Greed
1751846400000000000,2025-07-07T00:00:00.000000000Z,FNG-INDEX.BYBIT,73,Greed
1751932800000000000,2025-07-08T00:00:00.000000000Z,FNG-INDEX.BYBIT,65,Greed
1752019200000000000,2025-07-09T00:00:00.000000000Z,FNG-INDEX.BYBIT,66,Greed
1752105600000000000,2025-07-10T00:00:00.000000000Z,FNG-INDEX.BYBIT,71,Greed
1752192000000000000,2025-07-11T00:00:00.000000000Z,FNG-INDEX.BYBIT,71,Greed
1752278400000000000,2025-07-12T00:00:00.000000000Z,FNG-INDEX.BYBIT,79,Extreme Greed
1752364800000000000,2025-07-13T00:00:00.000000000Z,FNG-INDEX.BYBIT,74,Greed
1752451200000000000,2025-07-14T00:00:00.000000000Z,FNG-INDEX.BYBIT,74,Greed
1752537600000000000,2025-07-15T00:00:00.000000000Z,FNG-INDEX.BYBIT,73,Greed
1752624000000000000,2025-07-16T00:00:00.000000000Z,FNG-INDEX.BYBIT,70,Greed
1752710400000000000,2025-07-17T00:00:00.000000000Z,FNG-INDEX.BYBIT,74,Greed
1752796800000000000,2025-07-18T00:00:00.000000000Z,FNG-INDEX.BYBIT,73,Greed
1752883200000000000,2025-07-19T00:00:00.000000000Z,FNG-INDEX.BYBIT,74,Greed
1752969600000000000,2025-07-20T00:00:00.000000000Z,FNG-INDEX.BYBIT,72,Greed
1753056000000000000,2025-07-21T00:00:00.000000000Z,FNG-INDEX.BYBIT,71,Greed
1753142400000000000,2025-07-22T00:00:00.000000000Z,FNG-INDEX.BYBIT,72,Greed
1753228800000000000,2025-07-23T00:00:00.000000000Z,FNG-INDEX.BYBIT,74,Greed
1753315200000000000,2025-07-24T00:00:00.000000000Z,FNG-INDEX.BYBIT,71,Greed
1753401600000000000,2025-07-25T00:00:00.000000000Z,FNG-INDEX.BYBIT,70,Greed
1753488000000000000,2025-07-26T00:00:00.000000000Z,FNG-INDEX.BYBIT,72,Greed
1753574400000000000,2025-07-27T00:00:00.000000000Z,FNG-INDEX.BYBIT,73,Greed
1753660800000000000,2025-07-28T00:00:00.000000000Z,FNG-INDEX.BYBIT,75,Greed
1753747200000000000,2025-07-29T00:00:00.000000000Z,FNG-INDEX.BYBIT,73,Greed
1753833600000000000,2025-07-30T00:00:00.000000000Z,FNG-INDEX.BYBIT,74,Greed
1753920000000000000,2025-07-31T00:00:00.000000000Z,FNG-INDEX.BYBIT,72,Greed
1754006400000000000,2025-08-01T00:00:00.000000000Z,FNG-INDEX.BYBIT,65,Greed
1754092800000000000,2025-08-02T00:00:00.000000000Z,FNG-INDEX.BYBIT,55,Greed
1754179200000000000,2025-08-03T00:00:00.000000000Z,FNG-INDEX.BYBIT,53,Neutral
1754265600000000000,2025-08-04T00:00:00.000000000Z,FNG-INDEX.BYBIT,64,Greed
1754352000000000000,2025-08-05T00:00:00.000000000Z,FNG-INDEX.BYBIT,60,Greed
1754438400000000000,2025-08-06T00:00:00.000000000Z,FNG-INDEX.BYBIT,54,Neutral
1754524800000000000,2025-08-07T00:00:00.000000000Z,FNG-INDEX.BYBIT,62,Greed
1754611200000000000,2025-08-08T00:00:00.000000000Z,FNG-INDEX.BYBIT,74,Greed
1754697600000000000,2025-08-09T00:00:00.000000000Z,FNG-INDEX.BYBIT,67,Greed
1754784000000000000,2025-08-10T00:00:00.000000000Z,FNG-INDEX.BYBIT,69,Greed
1754870400000000000,2025-08-11T00:00:00.000000000Z,FNG-INDEX.BYBIT,70,Greed
1754956800000000000,2025-08-12T00:00:00.000000000Z,FNG-INDEX.BYBIT,68,Greed
1755043200000000000,2025-08-13T00:00:00.000000000Z,FNG-INDEX.BYBIT,73,Greed
1755129600000000000,2025-08-14T00:00:00.000000000Z,FNG-INDEX.BYBIT,75,Greed
1755216000000000000,2025-08-15T00:00:00.000000000Z,FNG-INDEX.BYBIT,60,Greed
1755302400000000000,2025-08-16T00:00:00.000000000Z,FNG-INDEX.BYBIT,56,Greed
1755388800000000000,2025-08-17T00:00:00.000000000Z,FNG-INDEX.BYBIT,64,Greed
1755475200000000000,2025-08-18T00:00:00.000000000Z,FNG-INDEX.BYBIT,60,Greed
1755561600000000000,2025-08-19T00:00:00.000000000Z,FNG-INDEX.BYBIT,56,Greed
1755648000000000000,2025-08-20T00:00:00.000000000Z,FNG-INDEX.BYBIT,44,Fear
1755734400000000000,2025-08-21T00:00:00.000000000Z,FNG-INDEX.BYBIT,50,Neutral
1755820800000000000,2025-08-22T00:00:00.000000000Z,FNG-INDEX.BYBIT,50,Neutral
1755907200000000000,2025-08-23T00:00:00.000000000Z,FNG-INDEX.BYBIT,60,Greed
1755993600000000000,2025-08-24T00:00:00.000000000Z,FNG-INDEX.BYBIT,53,Neutral
1756080000000000000,2025-08-25T00:00:00.000000000Z,FNG-INDEX.BYBIT,47,Neutral
1756166400000000000,2025-08-26T00:00:00.000000000Z,FNG-INDEX.BYBIT,48,Neutral
1756252800000000000,2025-08-27T00:00:00.000000000Z,FNG-INDEX.BYBIT,51,Neutral
1756339200000000000,2025-08-28T00:00:00.000000000Z,FNG-INDEX.BYBIT,48,Neutral
1756425600000000000,2025-08-29T00:00:00.000000000Z,FNG-INDEX.BYBIT,50,Neutral
1756512000000000000,2025-08-30T00:00:00.000000000Z,FNG-INDEX.BYBIT,39,Fear
1756598400000000000,2025-08-31T00:00:00.000000000Z,FNG-INDEX.BYBIT,48,Neutral
1756684800000000000,2025-09-01T00:00:00.000000000Z,FNG-INDEX.BYBIT,46,Fear
1756771200000000000,2025-09-02T00:00:00.000000000Z,FNG-INDEX.BYBIT,49,Neutral
1756857600000000000,2025-09-03T00:00:00.000000000Z,FNG-INDEX.BYBIT,55,Greed
1756944000000000000,2025-09-04T00:00:00.000000000Z,FNG-INDEX.BYBIT,51,Neutral
1757030400000000000,2025-09-05T00:00:00.000000000Z,FNG-INDEX.BYBIT,48,Neutral
1757116800000000000,2025-09-06T00:00:00.000000000Z,FNG-INDEX.BYBIT,48,Neutral
1757203200000000000,2025-09-07T00:00:00.000000000Z,FNG-INDEX.BYBIT,44,Fear
1757289600000000000,2025-09-08T00:00:00.000000000Z,FNG-INDEX.BYBIT,51,Neutral
1757376000000000000,2025-09-09T00:00:00.000000000Z,FNG-INDEX.BYBIT,48,Neutral
1757462400000000000,2025-09-10T00:00:00.000000000Z,FNG-INDEX.BYBIT,49,Neutral
1757548800000000000,2025-09-11T00:00:00.000000000Z,FNG-INDEX.BYBIT,54,Neutral
1757635200000000000,2025-09-12T00:00:00.000000000Z,FNG-INDEX.BYBIT,57,Greed
1757721600000000000,2025-09-13T00:00:00.000000000Z,FNG-INDEX.BYBIT,52,Neutral
1757808000000000000,2025-09-14T00:00:00.000000000Z,FNG-INDEX.BYBIT,55,Greed
1757894400000000000,2025-09-15T00:00:00.000000000Z,FNG-INDEX.BYBIT,53,Neutral
1757980800000000000,2025-09-16T00:00:00.000000000Z,FNG-INDEX.BYBIT,52,Neutral
1758067200000000000,2025-09-17T00:00:00.000000000Z,FNG-INDEX.BYBIT,53,Neutral
1758153600000000000,2025-09-18T00:00:00.000000000Z,FNG-INDEX.BYBIT,52,Neutral
1758240000000000000,2025-09-19T00:00:00.000000000Z,FNG-INDEX.BYBIT,53,Neutral
1758326400000000000,2025-09-20T00:00:00.000000000Z,FNG-INDEX.BYBIT,48,Neutral
1758412800000000000,2025-09-21T00:00:00.000000000Z,FNG-INDEX.BYBIT,49,Neutral
1758499200000000000,2025-09-22T00:00:00.000000000Z,FNG-INDEX.BYBIT,45,Fear
1758585600000000000,2025-09-23T00:00:00.000000000Z,FNG-INDEX.BYBIT,43,Fear
1758672000000000000,2025-09-24T00:00:00.000000000Z,FNG-INDEX.BYBIT,44,Fear
1758758400000000000,2025-09-25T00:00:00.000000000Z,FNG-INDEX.BYBIT,44,Fear
1758844800000000000,2025-09-26T00:00:00.000000000Z,FNG-INDEX.BYBIT,28,Fear
1758931200000000000,2025-09-27T00:00:00.000000000Z,FNG-INDEX.BYBIT,33,Fear
1759017600000000000,2025-09-28T00:00:00.000000000Z,FNG-INDEX.BYBIT,37,Fear
1759104000000000000,2025-09-29T00:00:00.000000000Z,FNG-INDEX.BYBIT,50,Neutral
1759190400000000000,2025-09-30T00:00:00.000000000Z,FNG-INDEX.BYBIT,50,Neutral
1759276800000000000,2025-10-01T00:00:00.000000000Z,FNG-INDEX.BYBIT,49,Neutral
1759363200000000000,2025-10-02T00:00:00.000000000Z,FNG-INDEX.BYBIT,64,Greed
1759449600000000000,2025-10-03T00:00:00.000000000Z,FNG-INDEX.BYBIT,63,Greed
1759536000000000000,2025-10-04T00:00:00.000000000Z,FNG-INDEX.BYBIT,71,Greed
1759622400000000000,2025-10-05T00:00:00.000000000Z,FNG-INDEX.BYBIT,74,Greed
1759708800000000000,2025-10-06T00:00:00.000000000Z,FNG-INDEX.BYBIT,71,Greed
1759795200000000000,2025-10-07T00:00:00.000000000Z,FNG-INDEX.BYBIT,70,Greed
1759881600000000000,2025-10-08T00:00:00.000000000Z,FNG-INDEX.BYBIT,60,Greed
1759968000000000000,2025-10-09T00:00:00.000000000Z,FNG-INDEX.BYBIT,70,Greed
1760054400000000000,2025-10-10T00:00:00.000000000Z,FNG-INDEX.BYBIT,64,Greed
1760140800000000000,2025-10-11T00:00:00.000000000Z,FNG-INDEX.BYBIT,27,Fear
1760227200000000000,2025-10-12T00:00:00.000000000Z,FNG-INDEX.BYBIT,24,Extreme Fear
1760313600000000000,2025-10-13T00:00:00.000000000Z,FNG-INDEX.BYBIT,38,Fear
1760400000000000000,2025-10-14T00:00:00.000000000Z,FNG-INDEX.BYBIT,38,Fear
1760486400000000000,2025-10-15T00:00:00.000000000Z,FNG-INDEX.BYBIT,34,Fear
1760572800000000000,2025-10-16T00:00:00.000000000Z,FNG-INDEX.BYBIT,28,Fear
1760659200000000000,2025-10-17T00:00:00.000000000Z,FNG-INDEX.BYBIT,22,Extreme Fear
1760745600000000000,2025-10-18T00:00:00.000000000Z,FNG-INDEX.BYBIT,23,Extreme Fear
1760832000000000000,2025-10-19T00:00:00.000000000Z,FNG-INDEX.BYBIT,29,Fear
1760918400000000000,2025-10-20T00:00:00.000000000Z,FNG-INDEX.BYBIT,29,Fear
1761004800000000000,2025-10-21T00:00:00.000000000Z,FNG-INDEX.BYBIT,34,Fear
1761091200000000000,2025-10-22T00:00:00.000000000Z,FNG-INDEX.BYBIT,25,Extreme Fear
1761177600000000000,2025-10-23T00:00:00.000000000Z,FNG-INDEX.BYBIT,27,Fear
1761264000000000000,2025-10-24T00:00:00.000000000Z,FNG-INDEX.BYBIT,30,Fear
1761350400000000000,2025-10-25T00:00:00.000000000Z,FNG-INDEX.BYBIT,37,Fear
1761436800000000000,2025-10-26T00:00:00.000000000Z,FNG-INDEX.BYBIT,40,Fear
1761523200000000000,2025-10-27T00:00:00.000000000Z,FNG-INDEX.BYBIT,51,Neutral
1761609600000000000,2025-10-28T00:00:00.000000000Z,FNG-INDEX.BYBIT,50,Neutral
1761696000000000000,2025-10-29T00:00:00.000000000Z,FNG-INDEX.BYBIT,51,Neutral
1761782400000000000,2025-10-30T00:00:00.000000000Z,FNG-INDEX.BYBIT,34,Fear
1761868800000000000,2025-10-31T00:00:00.000000000Z,FNG-INDEX.BYBIT,29,Fear
1761955200000000000,2025-11-01T00:00:00.000000000Z,FNG-INDEX.BYBIT,33,Fear
1762041600000000000,2025-11-02T00:00:00.000000000Z,FNG-INDEX.BYBIT,37,Fear
1762128000000000000,2025-11-03T00:00:00.000000000Z,FNG-INDEX.BYBIT,42,Fear
1762214400000000000,2025-11-04T00:00:00.000000000Z,FNG-INDEX.BYBIT,21,Extreme Fear
1762300800000000000,2025-11-05T00:00:00.000000000Z,FNG-INDEX.BYBIT,23,Extreme Fear
1762387200000000000,2025-11-06T00:00:00.000000000Z,FNG-INDEX.BYBIT,27,Fear
1762473600000000000,2025-11-07T00:00:00.000000000Z,FNG-INDEX.BYBIT,24,Extreme Fear
1762560000000000000,2025-11-08T00:00:00.000000000Z,FNG-INDEX.BYBIT,20,Extreme Fear
1762646400000000000,2025-11-09T00:00:00.000000000Z,FNG-INDEX.BYBIT,22,Extreme Fear
1762732800000000000,2025-11-10T00:00:00.000000000Z,FNG-INDEX.BYBIT,29,Fear
1762819200000000000,2025-11-11T00:00:00.000000000Z,FNG-INDEX.BYBIT,26,Fear
1762905600000000000,2025-11-12T00:00:00.000000000Z,FNG-INDEX.BYBIT,24,Extreme Fear
1762992000000000000,2025-11-13T00:00:00.000000000Z,FNG-INDEX.BYBIT,15,Extreme Fear
1763078400000000000,2025-11-14T00:00:00.000000000Z,FNG-INDEX.BYBIT,16,Extreme Fear
1763164800000000000,2025-11-15T00:00:00.000000000Z,FNG-INDEX.BYBIT,10,Extreme Fear
1763251200000000000,2025-11-16T00:00:00.000000000Z,FNG-INDEX.BYBIT,10,Extreme Fear
1763337600000000000,2025-11-17T00:00:00.000000000Z,FNG-INDEX.BYBIT,14,Extreme Fear
1763424000000000000,2025-11-18T00:00:00.000000000Z,FNG-INDEX.BYBIT,11,Extreme Fear
1763510400000000000,2025-11-19T00:00:00.000000000Z,FNG-INDEX.BYBIT,15,Extreme Fear
1763596800000000000,2025-11-20T00:00:00.000000000Z,FNG-INDEX.BYBIT,11,Extreme Fear
1763683200000000000,2025-11-21T00:00:00.000000000Z,FNG-INDEX.BYBIT,14,Extreme Fear
1763769600000000000,2025-11-22T00:00:00.000000000Z,FNG-INDEX.BYBIT,11,Extreme Fear
1763856000000000000,2025-11-23T00:00:00.000000000Z,FNG-INDEX.BYBIT,13,Extreme Fear
1763942400000000000,2025-11-24T00:00:00.000000000Z,FNG-INDEX.BYBIT,19,Extreme Fear
1764028800000000000,2025-11-25T00:00:00.000000000Z,FNG-INDEX.BYBIT,20,Extreme Fear
1764115200000000000,2025-11-26T00:00:00.000000000Z,FNG-INDEX.BYBIT,15,Extreme Fear
1764201600000000000,2025-11-27T00:00:00.000000000Z,FNG-INDEX.BYBIT,22,Extreme Fear
1764288000000000000,2025-11-28T00:00:00.000000000Z,FNG-INDEX.BYBIT,25,Extreme Fear
1764374400000000000,2025-11-29T00:00:00.000000000Z,FNG-INDEX.BYBIT,28,Fear
1764460800000000000,2025-11-30T00:00:00.000000000Z,FNG-INDEX.BYBIT,28,Fear
1764547200000000000,2025-12-01T00:00:00.000000000Z,FNG-INDEX.BYBIT,24,Extreme Fear
1764633600000000000,2025-12-02T00:00:00.000000000Z,FNG-INDEX.BYBIT,23,Extreme Fear
1764720000000000000,2025-12-03T00:00:00.000000000Z,FNG-INDEX.BYBIT,28,Fear
1764806400000000000,2025-12-04T00:00:00.000000000Z,FNG-INDEX.BYBIT,26,Fear
1764892800000000000,2025-12-05T00:00:00.000000000Z,FNG-INDEX.BYBIT,28,Fear
1764979200000000000,2025-12-06T00:00:00.000000000Z,FNG-INDEX.BYBIT,23,Extreme Fear
1765065600000000000,2025-12-07T00:00:00.000000000Z,FNG-INDEX.BYBIT,20,Extreme Fear
1765152000000000000,2025-12-08T00:00:00.000000000Z,FNG-INDEX.BYBIT,20,Extreme Fear
1765238400000000000,2025-12-09T00:00:00.000000000Z,FNG-INDEX.BYBIT,22,Extreme Fear
1765324800000000000,2025-12-10T00:00:00.000000000Z,FNG-INDEX.BYBIT,26,Fear
1765411200000000000,2025-12-11T00:00:00.000000000Z,FNG-INDEX.BYBIT,29,Fear
1765497600000000000,2025-12-12T00:00:00.000000000Z,FNG-INDEX.BYBIT,29,Fear
1765584000000000000,2025-12-13T00:00:00.000000000Z,FNG-INDEX.BYBIT,23,Extreme Fear
1765670400000000000,2025-12-14T00:00:00.000000000Z,FNG-INDEX.BYBIT,21,Extreme Fear
1765756800000000000,2025-12-15T00:00:00.000000000Z,FNG-INDEX.BYBIT,16,Extreme Fear
1765843200000000000,2025-12-16T00:00:00.000000000Z,FNG-INDEX.BYBIT,11,Extreme Fear
1765929600000000000,2025-12-17T00:00:00.000000000Z,FNG-INDEX.BYBIT,16,Extreme Fear
1766016000000000000,2025-12-18T00:00:00.000000000Z,FNG-INDEX.BYBIT,17,Extreme Fear
1766102400000000000,2025-12-19T00:00:00.000000000Z,FNG-INDEX.BYBIT,16,Extreme Fear
